Book_ID,Title,Author,Genre,ISBN,Year,Rating
1,Book 1,Author K,Mystery,978-7190314659,1985,5
2,Book 2,Author P,History,978-2303588610,2016,5
3,Book 3,Author X,Fiction,978-8226282349,1982,3
4,Book 4,Author A,Romance,978-1005188278,1900,3
5,Book 5,Author Y,Fantasy,978-4996550970,1964,2
6,Book 6,Author G,Mystery,978-4347939743,1940,5
7,Book 7,Author K,Sci-Fi,978-2954233384,2022,4
8,Book 8,Author E,History,978-2230558796,1927,2
9,Book 9,Author E,History,978-7718178302,1950,1
10,Book 10,Author S,Romance,978-5690498394,1988,5
11,Book 11,Author U,Non-Fiction,978-3491955411,1958,5
12,Book 12,Author J,History,978-7931191768,1930,2
13,Book 13,Author I,Mystery,978-2550114950,1992,5
14,Book 14,Author T,Romance,978-5594574493,1990,2
15,Book 15,Author J,History,978-4292124276,1963,5
16,Book 16,Author R,Mystery,978-8330055179,1948,3
17,Book 17,Author T,History,978-2579727203,1928,4
18,Book 18,Author R,Non-Fiction,978-6978719119,2018,3
19,Book 19,Author Q,Romance,978-9149131007,1974,3
20,Book 20,Author T,Biography,978-7685702603,1978,1
21,Book 21,Author G,Non-Fiction,978-6028933463,2017,4
22,Book 22,Author G,Fantasy,978-8736615651,1949,2
23,Book 23,Author Y,Non-Fiction,978-7261889484,1969,4
24,Book 24,Author I,Mystery,978-6414659762,1909,1
25,Book 25,Author V,Fiction,978-3772939025,1922,5
26,Book 26,Author I,Fiction,978-7720693383,1944,3
27,Book 27,Author F,History,978-7158952740,1983,3
28,Book 28,Author E,Non-Fiction,978-4741527839,1956,4
29,Book 29,Author X,Biography,978-9922837730,1915,2
30,Book 30,Author A,History,978-1970504601,1976,3
31,Book 31,Author H,Biography,978-9628109830,2006,3
32,Book 32,Author U,Mystery,978-7180922515,1920,1
33,Book 33,Author J,Biography,978-2773157138,1962,3
34,Book 34,Author P,History,978-6713714102,1984,1
35,Book 35,Author Q,Romance,978-4964086900,1941,2
36,Book 36,Author A,History,978-2748035295,1999,5
37,Book 37,Author U,Sci-Fi,978-6930634720,1974,1
38,Book 38,Author E,Biography,978-8803898098,1903,1
39,Book 39,Author N,Sci-Fi,978-7252756120,2009,2
40,Book 40,Author A,Sci-Fi,978-4478111435,1926,1
41,Book 41,Author U,Sci-Fi,978-7530990910,1959,3
42,Book 42,Author Y,Sci-Fi,978-1651650769,1905,3
43,Book 43,Author L,Biography,978-7370599075,1928,3
44,Book 44,Author A,History,978-7136981769,1963,5
45,Book 45,Author V,Non-Fiction,978-2382466503,1978,4
46,Book 46,Author P,Fantasy,978-1506000929,1900,2
47,Book 47,Author E,Sci-Fi,978-8367055396,1982,5
48,Book 48,Author D,Non-Fiction,978-9523471503,1904,4
49,Book 49,Author M,History,978-2620614348,1935,5
50,Book 50,Author W,Biography,978-3397002763,2024,4
51,Book 51,Author V,Non-Fiction,978-1082007528,2000,2
52,Book 52,Author G,Non-Fiction,978-7034699060,1974,3
53,Book 53,Author C,Mystery,978-1012185286,1910,3
54,Book 54,Author T,Biography,978-6029266924,1920,3
55,Book 55,Author M,Biography,978-4356596708,1980,1
56,Book 56,Author I,History,978-3245012048,1975,5
57,Book 57,Author O,Fantasy,978-7996756194,1991,1
58,Book 58,Author Y,Romance,978-6455569712,1911,5
59,Book 59,Author K,Romance,978-6303932222,1987,1
60,Book 60,Author K,Romance,978-5688246892,1977,5
61,Book 61,Author U,Biography,978-5919544327,2022,1
62,Book 62,Author J,Non-Fiction,978-9331095039,2005,3
63,Book 63,Author H,Mystery,978-6350625452,2009,4
64,Book 64,Author C,Mystery,978-8639348874,1901,1
65,Book 65,Author C,Mystery,978-6745314232,1929,4
66,Book 66,Author L,History,978-6124130917,1964,2
67,Book 67,Author U,Sci-Fi,978-2386414121,1980,2
68,Book 68,Author F,Romance,978-4242086513,1913,4
69,Book 69,Author O,Fantasy,978-8219096214,1915,1
70,Book 70,Author J,Non-Fiction,978-4732338241,1951,4
71,Book 71,Author X,History,978-8430567697,1994,5
72,Book 72,Author D,Fantasy,978-5068824826,1969,4
73,Book 73,Author N,Fiction,978-1819370616,1987,1
74,Book 74,Author B,Fiction,978-5801649409,1966,2
75,Book 75,Author T,Fiction,978-6465272961,1995,1
76,Book 76,Author V,Sci-Fi,978-2926124713,1990,2
77,Book 77,Author W,Sci-Fi,978-6659138995,1921,1
78,Book 78,Author J,Biography,978-4066965678,1988,3
79,Book 79,Author F,Biography,978-3415762669,1971,5
80,Book 80,Author X,History,978-8566788151,1921,2
81,Book 81,Author P,Fiction,978-5115895420,1966,4
82,Book 82,Author Y,Fantasy,978-3833911552,1995,3
83,Book 83,Author J,Fantasy,978-6395791284,1905,5
84,Book 84,Author T,Fiction,978-1608922143,1965,5
85,Book 85,Author R,Mystery,978-2376283333,1948,3
86,Book 86,Author N,Mystery,978-8974648576,1974,3
87,Book 87,Author S,Non-Fiction,978-8328244187,1992,1
88,Book 88,Author U,Mystery,978-7246961974,1919,1
89,Book 89,Author Q,Sci-Fi,978-6716564096,1961,2
90,Book 90,Author O,Fantasy,978-3494153386,1994,1
91,Book 91,Author G,History,978-1646995111,1945,5
92,Book 92,Author Z,History,978-8174152318,1954,3
93,Book 93,Author H,Non-Fiction,978-3664586946,1908,2
94,Book 94,Author P,Non-Fiction,978-5739394344,1988,3
95,Book 95,Author C,Fiction,978-7197017652,1951,1
96,Book 96,Author I,Romance,978-6275660074,1915,5
97,Book 97,Author J,Fiction,978-4657389887,1937,4
98,Book 98,Author W,History,978-5676019142,1946,2
99,Book 99,Author X,Non-Fiction,978-4941785021,1999,3
100,Book 100,Author T,Sci-Fi,978-8361717495,1947,1
101,Book 101,Author U,Fiction,978-8221813270,1904,5
102,Book 102,Author M,Mystery,978-6969535136,1945,4
103,Book 103,Author J,History,978-8504956327,1976,4
104,Book 104,Author E,Mystery,978-2064990695,1915,5
105,Book 105,Author E,Fiction,978-6894628711,2022,2
106,Book 106,Author U,History,978-3930960845,1920,2
107,Book 107,Author Z,Non-Fiction,978-7714245083,2024,1
108,Book 108,Author V,Fiction,978-4600060317,1927,5
109,Book 109,Author M,Mystery,978-8981601867,2019,3
110,Book 110,Author Z,Sci-Fi,978-9281766935,1952,4
111,Book 111,Author N,Fantasy,978-6922421475,1933,1
112,Book 112,Author W,Biography,978-9343794729,1946,5
113,Book 113,Author P,Sci-Fi,978-8207007901,1965,1
114,Book 114,Author Y,Romance,978-5570038399,1993,4
115,Book 115,Author I,History,978-6965193920,1983,4
116,Book 116,Author O,Fantasy,978-2525839868,1916,2
117,Book 117,Author P,Sci-Fi,978-2263703515,1994,5
118,Book 118,Author J,Fantasy,978-4692986574,1904,2
119,Book 119,Author N,History,978-9013872433,1953,5
120,Book 120,Author G,Non-Fiction,978-5605499324,1977,1
121,Book 121,Author O,Non-Fiction,978-2568298683,1981,3
122,Book 122,Author K,Fantasy,978-1088238079,1944,5
123,Book 123,Author L,Mystery,978-7419006558,1941,3
124,Book 124,Author G,Romance,978-9375082926,1988,4
125,Book 125,Author I,Fantasy,978-9374570381,1972,1
126,Book 126,Author V,History,978-6086923332,1952,2
127,Book 127,Author O,Fiction,978-3641720895,1911,1
128,Book 128,Author W,Mystery,978-2201022747,2002,2
129,Book 129,Author B,Mystery,978-7861820820,2011,1
130,Book 130,Author E,Mystery,978-1233320573,1994,2
131,Book 131,Author N,Fiction,978-5259177556,1908,1
132,Book 132,Author V,Mystery,978-6523668990,2000,3
133,Book 133,Author Z,Sci-Fi,978-1160538879,1945,4
134,Book 134,Author M,Romance,978-5145248839,1951,2
135,Book 135,Author P,Sci-Fi,978-6161067613,2011,5
136,Book 136,Author U,Fantasy,978-7659234353,1953,5
137,Book 137,Author A,Romance,978-8444090105,1925,4
138,Book 138,Author X,Romance,978-9621598763,1948,4
139,Book 139,Author H,Biography,978-4109592329,1924,2
140,Book 140,Author W,Biography,978-8084497015,1931,2
141,Book 141,Author O,Fiction,978-9129706968,1988,4
142,Book 142,Author H,Biography,978-1321460660,1969,3
143,Book 143,Author X,Mystery,978-8791275613,1960,2
144,Book 144,Author L,Romance,978-3340076598,1946,3
145,Book 145,Author W,History,978-2502007237,1970,2
146,Book 146,Author N,History,978-5105575643,2003,1
147,Book 147,Author V,History,978-2689496516,2020,1
148,Book 148,Author A,Fiction,978-8240896558,1949,4
149,Book 149,Author K,Mystery,978-8706963066,2016,2
150,Book 150,Author L,Romance,978-8148474093,1912,3
151,Book 151,Author K,Non-Fiction,978-1718376555,1962,3
152,Book 152,Author P,Fiction,978-2163238363,1974,2
153,Book 153,Author P,Biography,978-6839915093,1957,5
154,Book 154,Author E,Non-Fiction,978-9861003224,1918,1
155,Book 155,Author T,Fantasy,978-3492618429,2004,3
156,Book 156,Author L,Sci-Fi,978-4628789777,1974,1
157,Book 157,Author G,Sci-Fi,978-1779565619,1976,5
158,Book 158,Author G,Sci-Fi,978-8437100464,2021,3
159,Book 159,Author X,Sci-Fi,978-9246182099,1934,2
160,Book 160,Author Y,Fantasy,978-9707825294,2024,2
161,Book 161,Author H,Biography,978-6215788672,1945,5
162,Book 162,Author A,Mystery,978-3516366604,2003,1
163,Book 163,Author P,History,978-8179825321,1980,3
164,Book 164,Author Y,Mystery,978-9097482965,2004,2
165,Book 165,Author B,Romance,978-6899634114,1970,3
166,Book 166,Author V,Biography,978-4129913118,1925,3
167,Book 167,Author D,Sci-Fi,978-1020004283,2007,1
168,Book 168,Author W,Fiction,978-1322930388,1962,3
169,Book 169,Author V,History,978-1925195402,2004,5
170,Book 170,Author W,Fiction,978-3188207395,2021,2
171,Book 171,Author N,Sci-Fi,978-7535629511,2002,1
172,Book 172,Author L,Fantasy,978-4001362221,1949,1
173,Book 173,Author B,History,978-1938800611,1958,2
174,Book 174,Author H,Romance,978-8186319349,1998,1
175,Book 175,Author Y,Biography,978-6361242766,1913,4
176,Book 176,Author C,Sci-Fi,978-1850095080,2022,4
177,Book 177,Author A,Fantasy,978-4925787555,2020,1
178,Book 178,Author O,Mystery,978-6229869392,2008,1
179,Book 179,Author I,Romance,978-7601030432,1950,1
180,Book 180,Author O,Biography,978-7658939543,1946,1
181,Book 181,Author A,Romance,978-9387026297,1910,3
182,Book 182,Author V,History,978-1028198163,1985,4
183,Book 183,Author Z,Non-Fiction,978-9378417182,2001,3
184,Book 184,Author S,Romance,978-9656440771,1904,4
185,Book 185,Author N,Fiction,978-7538687012,1953,2
186,Book 186,Author E,Mystery,978-3788892634,1990,2
187,Book 187,Author I,Fiction,978-4714344897,1943,2
188,Book 188,Author J,Sci-Fi,978-1220648784,1939,4
189,Book 189,Author E,Sci-Fi,978-7963415947,1954,5
190,Book 190,Author Q,Fiction,978-7408541867,1965,3
191,Book 191,Author A,Sci-Fi,978-3282232688,2003,1
192,Book 192,Author K,Fiction,978-9548089683,2015,2
193,Book 193,Author L,Mystery,978-3626348298,1999,5
194,Book 194,Author X,Non-Fiction,978-7086475023,2003,2
195,Book 195,Author V,Mystery,978-5178018471,1956,1
196,Book 196,Author K,Mystery,978-9015251705,1991,4
197,Book 197,Author L,Biography,978-1415593658,1927,3
198,Book 198,Author C,Fantasy,978-2661880979,1920,2
199,Book 199,Author W,Sci-Fi,978-4965562453,1971,3
200,Book 200,Author F,Mystery,978-1973325710,1981,5
201,Book 201,Author H,Biography,978-8166187302,1938,1
202,Book 202,Author S,Fantasy,978-1749555977,1923,5
203,Book 203,Author S,Biography,978-6700220673,2024,5
204,Book 204,Author L,Biography,978-5624814266,1951,2
205,Book 205,Author A,Biography,978-5986147210,2014,2
206,Book 206,Author B,Non-Fiction,978-4688555171,2000,1
207,Book 207,Author T,Non-Fiction,978-1324037014,1969,4
208,Book 208,Author E,Sci-Fi,978-8096242320,1922,5
209,Book 209,Author X,Romance,978-8042566514,1990,1
210,Book 210,Author H,Fantasy,978-8942117051,1906,2
211,Book 211,Author A,Non-Fiction,978-1915549956,1915,1
212,Book 212,Author N,Mystery,978-2128511218,1919,2
213,Book 213,Author G,Mystery,978-8500583148,1989,1
214,Book 214,Author J,Non-Fiction,978-6165955866,1943,5
215,Book 215,Author L,Fiction,978-2945159783,1914,3
216,Book 216,Author E,Fantasy,978-6184692929,1978,3
217,Book 217,Author Z,Fiction,978-6939094561,2000,2
218,Book 218,Author I,Sci-Fi,978-2983741479,1913,4
219,Book 219,Author D,Fantasy,978-7283878896,1913,5
220,Book 220,Author S,Biography,978-2123048464,1930,2
221,Book 221,Author A,Romance,978-6389330174,1971,2
222,Book 222,Author A,Fiction,978-7241693949,1969,1
223,Book 223,Author P,Mystery,978-4139883986,1919,1
224,Book 224,Author B,Fiction,978-9894032724,1962,1
225,Book 225,Author E,Fiction,978-8977646471,1932,3
226,Book 226,Author O,History,978-6410929595,1995,4
227,Book 227,Author V,Non-Fiction,978-5244169591,2019,1
228,Book 228,Author Q,Fiction,978-3505916944,1902,2
229,Book 229,Author E,Mystery,978-8919147495,1968,3
230,Book 230,Author P,Romance,978-9995778882,2005,2
231,Book 231,Author M,Fiction,978-1537811671,1958,3
232,Book 232,Author W,Mystery,978-6594856647,1975,4
233,Book 233,Author N,Romance,978-3968249533,1909,4
234,Book 234,Author A,Biography,978-7965985944,1919,4
235,Book 235,Author G,History,978-7409394606,1941,1
236,Book 236,Author G,Mystery,978-8656426862,1945,1
237,Book 237,Author N,Fiction,978-6902225746,1975,1
238,Book 238,Author D,Fiction,978-1492627764,1967,3
239,Book 239,Author Q,Mystery,978-3539969464,1904,5
240,Book 240,Author Z,Fantasy,978-6180531707,1996,4
241,Book 241,Author N,Non-Fiction,978-9661082677,1920,2
242,Book 242,Author I,Mystery,978-2898975508,1919,1
243,Book 243,Author F,History,978-1319914678,1953,4
244,Book 244,Author M,Mystery,978-7837805279,1982,3
245,Book 245,Author Q,History,978-6554230047,1929,1
246,Book 246,Author C,Fiction,978-2468580984,1988,5
247,Book 247,Author U,Fantasy,978-7042578480,2001,1
248,Book 248,Author R,Mystery,978-9219461634,1955,5
249,Book 249,Author Y,Fiction,978-2171614581,1937,2
250,Book 250,Author P,Fiction,978-6909807215,1961,5
251,Book 251,Author S,Biography,978-9232177356,1987,4
252,Book 252,Author G,Sci-Fi,978-1717666178,2019,2
253,Book 253,Author T,Romance,978-1273743613,1928,5
254,Book 254,Author W,Sci-Fi,978-1475628246,1973,3
255,Book 255,Author A,Non-Fiction,978-1530589633,1924,2
256,Book 256,Author A,Fantasy,978-5393794704,1905,1
257,Book 257,Author X,Mystery,978-2299523334,1931,5
258,Book 258,Author T,Mystery,978-9539298988,1900,5
259,Book 259,Author X,Biography,978-3185812187,1933,1
260,Book 260,Author O,Mystery,978-1010753294,1925,2
261,Book 261,Author R,Biography,978-2862958347,1945,2
262,Book 262,Author T,History,978-2344550424,1907,3
263,Book 263,Author Z,History,978-1067715151,1957,1
264,Book 264,Author D,Non-Fiction,978-6098321630,1930,2
265,Book 265,Author Y,Fiction,978-1407504556,1907,3
266,Book 266,Author B,Sci-Fi,978-9834022313,1911,1
267,Book 267,Author D,Biography,978-1231489786,2018,2
268,Book 268,Author L,Fiction,978-7284787489,1921,1
269,Book 269,Author T,Sci-Fi,978-5376880525,1920,3
270,Book 270,Author S,Fantasy,978-1128957094,1989,1
271,Book 271,Author G,Fantasy,978-3580130873,2022,3
272,Book 272,Author C,Non-Fiction,978-5789994797,1900,1
273,Book 273,Author E,Mystery,978-6917885407,1947,4
274,Book 274,Author Q,Mystery,978-6184244781,1961,5
275,Book 275,Author B,Fiction,978-7885061725,1999,4
276,Book 276,Author X,Fantasy,978-6672736202,1988,2
277,Book 277,Author P,Mystery,978-4444523717,2011,5
278,Book 278,Author W,Mystery,978-8365752421,2020,2
279,Book 279,Author J,Romance,978-8539447632,1985,1
280,Book 280,Author C,History,978-6247372341,1902,1
281,Book 281,Author R,History,978-3593919252,1994,4
282,Book 282,Author A,Biography,978-5129634903,1948,3
283,Book 283,Author S,Fiction,978-8458752807,1952,1
284,Book 284,Author R,Fiction,978-2187784811,1945,1
285,Book 285,Author T,History,978-2857257926,1935,2
286,Book 286,Author M,Fantasy,978-2605246121,1978,3
287,Book 287,Author Q,Sci-Fi,978-5566732707,1993,4
288,Book 288,Author O,Sci-Fi,978-2837284984,1972,3
289,Book 289,Author D,Biography,978-2157893380,1989,4
290,Book 290,Author P,Biography,978-1770778569,1916,4
291,Book 291,Author A,Romance,978-6472880466,1977,5
292,Book 292,Author V,Fiction,978-7947668979,2023,3
293,Book 293,Author V,Fantasy,978-6610104582,1963,4
294,Book 294,Author N,Mystery,978-8958970499,1971,2
295,Book 295,Author I,Romance,978-1921172141,2015,3
296,Book 296,Author X,Fiction,978-9361609179,1935,5
297,Book 297,Author D,Fantasy,978-2832825922,1970,2
298,Book 298,Author V,Fiction,978-7999266967,1954,3
299,Book 299,Author G,Sci-Fi,978-9286070861,1920,2
300,Book 300,Author O,Mystery,978-2414744506,1905,5
301,Book 301,Author X,Fantasy,978-8514423110,1987,5
302,Book 302,Author W,Biography,978-4794535450,1949,1
303,Book 303,Author D,Fantasy,978-5868668163,2017,4
304,Book 304,Author P,Fantasy,978-5601964425,2016,1
305,Book 305,Author Q,Romance,978-5346207544,1954,5
306,Book 306,Author P,Fantasy,978-8216190029,1909,4
307,Book 307,Author U,Non-Fiction,978-8686663482,1934,5
308,Book 308,Author B,Mystery,978-9147086584,2016,1
309,Book 309,Author B,Biography,978-2352485362,1991,5
310,Book 310,Author O,Non-Fiction,978-4692308616,1928,2
311,Book 311,Author O,Non-Fiction,978-7193279172,1985,3
312,Book 312,Author J,Fantasy,978-7898648922,1919,2
313,Book 313,Author Z,Non-Fiction,978-6954945808,1938,1
314,Book 314,Author K,Sci-Fi,978-7296982871,1938,1
315,Book 315,Author E,Biography,978-4300451704,1937,4
316,Book 316,Author A,History,978-7661856884,1944,1
317,Book 317,Author F,Non-Fiction,978-4085473741,1936,4
318,Book 318,Author K,Sci-Fi,978-8579209411,1917,3
319,Book 319,Author V,Fiction,978-9029444002,1955,2
320,Book 320,Author Y,History,978-4321112387,1904,5
321,Book 321,Author U,History,978-4484887070,1921,2
322,Book 322,Author B,Fantasy,978-9312168767,1942,2
323,Book 323,Author T,Fantasy,978-5336464803,2000,4
324,Book 324,Author I,Romance,978-1213875626,2022,1
325,Book 325,Author T,Romance,978-7493207501,2015,4
326,Book 326,Author G,Biography,978-6828029860,1935,2
327,Book 327,Author H,Non-Fiction,978-8084050939,2013,3
328,Book 328,Author Z,Sci-Fi,978-9862299990,2008,1
329,Book 329,Author K,Biography,978-8061097384,1931,5
330,Book 330,Author B,Romance,978-7604391557,1952,4
331,Book 331,Author D,Fiction,978-4500323096,1922,5
332,Book 332,Author N,Biography,978-3854068599,1919,5
333,Book 333,Author N,Sci-Fi,978-3928295818,1917,5
334,Book 334,Author M,Non-Fiction,978-7094452400,1996,2
335,Book 335,Author V,Biography,978-1172153169,1907,1
336,Book 336,Author J,Mystery,978-6828933613,1921,2
337,Book 337,Author F,Mystery,978-4450889520,1994,1
338,Book 338,Author P,Sci-Fi,978-7450380916,1927,5
339,Book 339,Author H,Sci-Fi,978-7200889410,2021,4
340,Book 340,Author Q,Fiction,978-9202568075,2009,5
341,Book 341,Author X,Fantasy,978-6034588317,1909,4
342,Book 342,Author Q,History,978-2586883948,1901,2
343,Book 343,Author B,Biography,978-4141610823,1989,3
344,Book 344,Author B,Non-Fiction,978-5562453533,2008,3
345,Book 345,Author V,Sci-Fi,978-5417087466,2009,3
346,Book 346,Author W,Romance,978-3126959127,1950,1
347,Book 347,Author F,History,978-6614048846,2004,4
348,Book 348,Author T,Sci-Fi,978-7147439063,1977,4
349,Book 349,Author U,History,978-4757072591,1930,3
350,Book 350,Author I,History,978-6559531920,1950,2
351,Book 351,Author N,Fantasy,978-5787904236,1983,5
352,Book 352,Author C,Biography,978-1973009742,2011,1
353,Book 353,Author B,Fiction,978-8948082279,1945,2
354,Book 354,Author O,Biography,978-4353503759,1989,3
355,Book 355,Author U,Biography,978-7339944576,1931,3
356,Book 356,Author P,Fiction,978-2196258977,1984,5
357,Book 357,Author K,History,978-5985212720,1912,3
358,Book 358,Author U,History,978-6948791660,1916,1
359,Book 359,Author P,Non-Fiction,978-9793003499,1942,5
360,Book 360,Author K,Romance,978-1897781578,2001,5
361,Book 361,Author O,Fiction,978-4413552709,1982,1
362,Book 362,Author C,Fiction,978-1152711849,1960,2
363,Book 363,Author U,Biography,978-8231841861,1916,5
364,Book 364,Author Y,Mystery,978-6599656433,1932,4
365,Book 365,Author H,Sci-Fi,978-9121437577,1999,5
366,Book 366,Author S,Sci-Fi,978-1851694847,1944,5
367,Book 367,Author S,Mystery,978-5738034978,1971,3
368,Book 368,Author W,Non-Fiction,978-8902021705,1909,4
369,Book 369,Author Q,Non-Fiction,978-5328912155,1980,5
370,Book 370,Author B,Fantasy,978-7390281835,1943,3
371,Book 371,Author C,History,978-2584139725,1941,1
372,Book 372,Author Y,Fantasy,978-4315562246,2005,5
373,Book 373,Author X,Romance,978-1445149152,1977,1
374,Book 374,Author P,Mystery,978-3411510729,1989,4
375,Book 375,Author I,Mystery,978-6101077320,1969,4
376,Book 376,Author G,History,978-6842076334,1919,5
377,Book 377,Author O,Romance,978-4995880482,1963,5
378,Book 378,Author F,Mystery,978-3558170911,1968,2
379,Book 379,Author B,Sci-Fi,978-5440500123,2022,2
380,Book 380,Author K,Non-Fiction,978-1983288156,1990,5
381,Book 381,Author D,Biography,978-9477275476,1954,1
382,Book 382,Author D,Romance,978-7087946052,1957,4
383,Book 383,Author T,Sci-Fi,978-2792118041,1971,1
384,Book 384,Author X,Non-Fiction,978-6964737843,1956,3
385,Book 385,Author C,Non-Fiction,978-3225404879,1966,1
386,Book 386,Author E,Romance,978-6586923413,2005,4
387,Book 387,Author H,Fantasy,978-3254085276,1987,2
388,Book 388,Author K,Non-Fiction,978-3853279583,2005,1
389,Book 389,Author K,Biography,978-6004871711,1972,2
390,Book 390,Author N,Mystery,978-8367141855,1903,2
391,Book 391,Author R,Romance,978-9178257702,1995,2
392,Book 392,Author I,Fiction,978-5343089753,1998,4
393,Book 393,Author D,Sci-Fi,978-1701371487,1931,1
394,Book 394,Author V,Non-Fiction,978-3447711748,2004,5
395,Book 395,Author J,Mystery,978-8305860728,1919,2
396,Book 396,Author T,Non-Fiction,978-1470179802,2003,1
397,Book 397,Author K,Romance,978-1420245347,2009,5
398,Book 398,Author M,Biography,978-6573374876,1904,1
399,Book 399,Author V,Non-Fiction,978-1462129941,2013,3
400,Book 400,Author O,Romance,978-6556695697,1961,4
401,Book 401,Author X,Sci-Fi,978-7643143838,1978,4
402,Book 402,Author R,Fiction,978-3397978237,1932,2
403,Book 403,Author Y,Sci-Fi,978-2054806749,1996,1
404,Book 404,Author F,Romance,978-4203632911,1907,4
405,Book 405,Author V,History,978-3509545084,2022,1
406,Book 406,Author O,Mystery,978-8565256916,1990,1
407,Book 407,Author R,Fiction,978-5777257661,1964,4
408,Book 408,Author D,Fantasy,978-1517446887,1964,2
409,Book 409,Author U,Fantasy,978-1118836590,1930,2
410,Book 410,Author Q,Mystery,978-6073512314,1930,2
411,Book 411,Author W,Romance,978-2129216731,2013,4
412,Book 412,Author N,History,978-2512775346,1906,3
413,Book 413,Author X,Romance,978-2989456592,1979,1
414,Book 414,Author H,Non-Fiction,978-4309514876,2021,5
415,Book 415,Author I,Fiction,978-5044429734,2008,1
416,Book 416,Author L,Non-Fiction,978-7764637972,1950,5
417,Book 417,Author V,History,978-4315355317,1921,4
418,Book 418,Author R,Romance,978-2866516242,2020,1
419,Book 419,Author D,Mystery,978-9203288911,1901,4
420,Book 420,Author I,Romance,978-5515409372,1978,1
421,Book 421,Author P,Biography,978-1413661606,1911,5
422,Book 422,Author H,Fantasy,978-4232831363,1991,5
423,Book 423,Author E,Fantasy,978-1799065421,1911,3
424,Book 424,Author M,Fiction,978-5897997688,2023,1
425,Book 425,Author Y,Fantasy,978-8411809351,2019,4
426,Book 426,Author S,Fantasy,978-1283125351,1946,3
427,Book 427,Author U,Sci-Fi,978-7729744690,1913,2
428,Book 428,Author P,History,978-8767849860,1914,5
429,Book 429,Author D,Sci-Fi,978-6255340093,1936,2
430,Book 430,Author U,History,978-5003790689,1934,2
431,Book 431,Author A,Fiction,978-4873318727,1920,1
432,Book 432,Author P,Sci-Fi,978-3361598589,1983,4
433,Book 433,Author I,Sci-Fi,978-2920467019,1943,3
434,Book 434,Author G,Non-Fiction,978-4915703173,1989,2
435,Book 435,Author P,Fiction,978-1950657863,1920,2
436,Book 436,Author W,Sci-Fi,978-1545710993,1940,3
437,Book 437,Author F,Non-Fiction,978-8386257304,1926,3
438,Book 438,Author V,Non-Fiction,978-5275378393,1991,1
439,Book 439,Author G,Biography,978-1542243585,1902,4
440,Book 440,Author A,Fantasy,978-1424504542,1920,3
441,Book 441,Author P,History,978-7416540757,1986,1
442,Book 442,Author U,Mystery,978-8552732037,1925,2
443,Book 443,Author V,Mystery,978-7986487341,1947,3
444,Book 444,Author F,Fiction,978-1656828191,2011,2
445,Book 445,Author D,Mystery,978-2712695487,1936,3
446,Book 446,Author C,Fiction,978-6555613859,1971,4
447,Book 447,Author A,Fiction,978-7114874596,1996,3
448,Book 448,Author J,Non-Fiction,978-9959427338,1943,2
449,Book 449,Author T,Biography,978-6397380286,1906,5
450,Book 450,Author E,History,978-7997452532,1989,3
451,Book 451,Author I,History,978-2503689011,2005,4
452,Book 452,Author B,Mystery,978-4798948238,1971,4
453,Book 453,Author Q,Sci-Fi,978-8468009862,1941,3
454,Book 454,Author E,Mystery,978-2347909014,2012,2
455,Book 455,Author G,Biography,978-5436486099,2017,4
456,Book 456,Author L,Fantasy,978-4784495085,1924,3
457,Book 457,Author W,Mystery,978-6858072839,1985,2
458,Book 458,Author J,Mystery,978-1561996590,1919,4
459,Book 459,Author U,Fantasy,978-3317987211,1924,4
460,Book 460,Author F,Fiction,978-3402624354,2005,3
461,Book 461,Author G,Non-Fiction,978-1282019925,2020,1
462,Book 462,Author T,Fiction,978-3622060831,2019,4
463,Book 463,Author K,Fiction,978-3248722522,1977,1
464,Book 464,Author L,Fiction,978-8578108008,2003,3
465,Book 465,Author Y,History,978-4803823292,1986,2
466,Book 466,Author K,Romance,978-4855458180,1958,3
467,Book 467,Author U,Sci-Fi,978-3878695244,1955,3
468,Book 468,Author F,Sci-Fi,978-1709635257,1940,3
469,Book 469,Author E,Non-Fiction,978-6856528920,2004,1
470,Book 470,Author Q,Fantasy,978-7048312072,1922,2
471,Book 471,Author A,Fiction,978-9463953259,1990,2
472,Book 472,Author A,Fantasy,978-3271110082,1967,4
473,Book 473,Author U,Non-Fiction,978-7951828491,1969,1
474,Book 474,Author U,Mystery,978-2210713100,1942,3
475,Book 475,Author D,Biography,978-9473800803,1928,2
476,Book 476,Author D,History,978-7732144036,1905,5
477,Book 477,Author U,Romance,978-5950894998,1952,2
478,Book 478,Author N,Romance,978-9096300587,1951,2
479,Book 479,Author J,Biography,978-3335801553,1967,2
480,Book 480,Author G,Fiction,978-4953850872,1966,4
481,Book 481,Author A,History,978-3254216399,2008,2
482,Book 482,Author G,Fantasy,978-9088511730,1964,2
483,Book 483,Author H,History,978-8969885154,1940,3
484,Book 484,Author Q,Sci-Fi,978-6877336693,1960,3
485,Book 485,Author C,Fantasy,978-1267955762,1962,2
486,Book 486,Author L,Mystery,978-1137612393,1945,1
487,Book 487,Author Q,Sci-Fi,978-7767053444,1975,5
488,Book 488,Author Q,Mystery,978-9216453913,1928,2
489,Book 489,Author Z,Fantasy,978-3536858361,1988,2
490,Book 490,Author I,Biography,978-9469077164,1923,5
491,Book 491,Author O,Romance,978-9543252043,1958,5
492,Book 492,Author O,Mystery,978-8461028983,2007,4
493,Book 493,Author S,History,978-1614442957,2002,1
494,Book 494,Author E,Sci-Fi,978-8202627474,1973,3
495,Book 495,Author P,Fantasy,978-2180570989,1970,1
496,Book 496,Author L,Sci-Fi,978-7170242675,1924,4
497,Book 497,Author D,Non-Fiction,978-8072700997,1977,3
498,Book 498,Author J,Non-Fiction,978-1412088861,1973,2
499,Book 499,Author H,Fiction,978-6134670161,1950,1
500,Book 500,Author O,Sci-Fi,978-6537106683,1975,5
501,Book 501,Author B,Sci-Fi,978-4224840023,1959,1
502,Book 502,Author E,Romance,978-9423157039,1978,5
503,Book 503,Author P,Romance,978-9928426079,1967,2
504,Book 504,Author K,Biography,978-9357605710,1933,5
505,Book 505,Author E,Fantasy,978-5850949542,2017,1
506,Book 506,Author O,Romance,978-9929967757,1997,4
507,Book 507,Author R,Sci-Fi,978-7973730592,1933,1
508,Book 508,Author Y,Sci-Fi,978-4000901076,2007,3
509,Book 509,Author X,Mystery,978-3768762507,1970,5
510,Book 510,Author O,Sci-Fi,978-1953304262,1988,3
511,Book 511,Author E,Fiction,978-1633596229,1913,2
512,Book 512,Author Y,Fantasy,978-8477018242,1955,3
513,Book 513,Author F,Romance,978-4919180381,1986,2
514,Book 514,Author P,Romance,978-3340907976,1977,4
515,Book 515,Author O,Mystery,978-4240698876,1945,5
516,Book 516,Author D,History,978-2528545230,1925,1
517,Book 517,Author A,History,978-9326623676,1966,1
518,Book 518,Author M,Sci-Fi,978-8518399098,1909,4
519,Book 519,Author D,Romance,978-7375796137,1911,1
520,Book 520,Author M,Romance,978-9689158391,1913,5
521,Book 521,Author E,Non-Fiction,978-2728884777,1933,5
522,Book 522,Author Z,History,978-9273030109,1969,4
523,Book 523,Author G,Fiction,978-5042932061,1911,3
524,Book 524,Author G,History,978-1527497104,1967,1
525,Book 525,Author E,Fantasy,978-1418931595,1908,4
526,Book 526,Author U,Fiction,978-2447633710,1926,4
527,Book 527,Author R,Fantasy,978-2461276535,1900,4
528,Book 528,Author C,History,978-7462952250,1912,2
529,Book 529,Author C,Biography,978-2067259787,1904,3
530,Book 530,Author U,Fantasy,978-7219220355,1961,4
531,Book 531,Author J,Fiction,978-6105603955,2013,3
532,Book 532,Author T,Sci-Fi,978-3202057156,1961,1
533,Book 533,Author N,Fantasy,978-6658190958,1993,2
534,Book 534,Author X,Romance,978-6595990772,1919,1
535,Book 535,Author M,Romance,978-3732891573,1934,5
536,Book 536,Author Z,History,978-5802180191,2024,3
537,Book 537,Author D,Fantasy,978-4775222180,1949,3
538,Book 538,Author X,Romance,978-3349665988,1936,5
539,Book 539,Author S,Non-Fiction,978-7091800661,1997,1
540,Book 540,Author P,Biography,978-4511847322,2004,3
541,Book 541,Author A,History,978-6972471006,2012,1
542,Book 542,Author E,Mystery,978-7334521731,1968,4
543,Book 543,Author I,Mystery,978-1452611398,1914,2
544,Book 544,Author K,Biography,978-8108940790,1958,2
545,Book 545,Author H,Non-Fiction,978-7828960829,1907,2
546,Book 546,Author B,Sci-Fi,978-9862513485,1961,4
547,Book 547,Author W,Romance,978-5265448525,1968,1
548,Book 548,Author W,Fantasy,978-2642479246,2007,3
549,Book 549,Author B,Fantasy,978-7043287704,1933,5
550,Book 550,Author F,Fiction,978-9115093561,2023,1
551,Book 551,Author A,Non-Fiction,978-1844281092,1979,1
552,Book 552,Author I,Mystery,978-5568932700,1977,1
553,Book 553,Author R,Fiction,978-3838606040,2000,1
554,Book 554,Author E,Fiction,978-4610699764,1997,5
555,Book 555,Author R,Romance,978-2778215836,2024,2
556,Book 556,Author Q,Fantasy,978-9358381431,1966,1
557,Book 557,Author H,History,978-2100846751,1919,1
558,Book 558,Author V,Fiction,978-5036704529,1974,5
559,Book 559,Author H,Mystery,978-1983970128,1999,4
560,Book 560,Author A,History,978-4007540563,1968,5
561,Book 561,Author O,Biography,978-7398663016,1920,3
562,Book 562,Author P,Fiction,978-2408128618,1927,1
563,Book 563,Author I,Romance,978-2194796579,1938,4
564,Book 564,Author F,Non-Fiction,978-5054712768,1983,5
565,Book 565,Author A,Sci-Fi,978-8956314704,2000,2
566,Book 566,Author Z,Fantasy,978-9428717809,1901,1
567,Book 567,Author T,Romance,978-2146611230,1939,2
568,Book 568,Author N,Fiction,978-8165683934,1909,3
569,Book 569,Author Z,Sci-Fi,978-9311403178,1902,4
570,Book 570,Author Z,Mystery,978-9135840140,1950,4
571,Book 571,Author M,Romance,978-8259447023,1960,2
572,Book 572,Author Z,Fantasy,978-8155633955,1983,4
573,Book 573,Author V,Biography,978-2232960604,1902,1
574,Book 574,Author M,Fiction,978-8179088699,1968,5
575,Book 575,Author V,Non-Fiction,978-7252660462,1996,3
576,Book 576,Author S,Romance,978-6359073520,1988,4
577,Book 577,Author P,Fiction,978-3191511011,1993,2
578,Book 578,Author P,Fiction,978-3535456390,1970,5
579,Book 579,Author N,Non-Fiction,978-2242398127,1938,4
580,Book 580,Author B,History,978-5802715279,2024,4
581,Book 581,Author O,Biography,978-1695544598,1965,1
582,Book 582,Author F,Fantasy,978-1877954459,1934,3
583,Book 583,Author X,Sci-Fi,978-3920804042,2015,4
584,Book 584,Author K,Non-Fiction,978-6032447483,2022,4
585,Book 585,Author U,Fiction,978-8644552581,1996,5
586,Book 586,Author Y,Biography,978-1161379897,1917,2
587,Book 587,Author X,Biography,978-7700829085,2004,4
588,Book 588,Author C,Biography,978-8430553761,1922,3
589,Book 589,Author E,Fantasy,978-8805428300,1911,5
590,Book 590,Author X,Non-Fiction,978-1642994090,1921,4
591,Book 591,Author K,Fiction,978-3574250549,1915,2
592,Book 592,Author Q,Non-Fiction,978-9850177661,2020,3
593,Book 593,Author T,Fiction,978-7478437969,1948,5
594,Book 594,Author V,Mystery,978-2138404486,1969,5
595,Book 595,Author M,Fiction,978-5168514978,1952,1
596,Book 596,Author U,Romance,978-2488931074,1966,2
597,Book 597,Author X,Mystery,978-5563305690,1930,4
598,Book 598,Author K,Fiction,978-8142302433,1932,4
599,Book 599,Author Z,Biography,978-5845761589,1909,2
600,Book 600,Author G,Sci-Fi,978-4025803831,1946,5
601,Book 601,Author W,Sci-Fi,978-4390366921,2013,1
602,Book 602,Author O,Mystery,978-5671729993,2016,4
603,Book 603,Author M,Mystery,978-5522313365,1989,4
604,Book 604,Author U,Fantasy,978-6572217118,1936,2
605,Book 605,Author I,Sci-Fi,978-8431936011,1983,5
606,Book 606,Author W,Fiction,978-2688988639,1906,4
607,Book 607,Author Q,History,978-8096594761,1950,3
608,Book 608,Author W,Mystery,978-8084917871,1995,1
609,Book 609,Author I,History,978-4139975229,1969,3
610,Book 610,Author O,Biography,978-2336962580,1922,1
611,Book 611,Author I,Fantasy,978-1055212644,1959,3
612,Book 612,Author Z,Sci-Fi,978-3859726760,1938,2
613,Book 613,Author X,Fiction,978-5902780757,1940,1
614,Book 614,Author C,Sci-Fi,978-3214586878,2024,3
615,Book 615,Author M,Sci-Fi,978-2663155875,1953,2
616,Book 616,Author P,Fiction,978-1737350333,1984,2
617,Book 617,Author P,Biography,978-3015706528,1929,3
618,Book 618,Author E,Non-Fiction,978-7509712221,1967,3
619,Book 619,Author J,History,978-1228637992,1980,2
620,Book 620,Author A,History,978-6275129606,1965,5
621,Book 621,Author X,Fiction,978-7478859385,1950,5
622,Book 622,Author A,Non-Fiction,978-6798174262,1903,2
623,Book 623,Author P,Romance,978-4195014516,1945,2
624,Book 624,Author I,Biography,978-4821397794,1926,5
625,Book 625,Author G,Fiction,978-5015421001,1917,3
626,Book 626,Author J,Fantasy,978-7758692835,1998,3
627,Book 627,Author R,History,978-5267176103,2019,1
628,Book 628,Author B,History,978-2218969701,2005,4
629,Book 629,Author I,History,978-6886937478,1982,4
630,Book 630,Author Z,Romance,978-5680564089,1965,2
631,Book 631,Author U,History,978-8530272943,2000,3
632,Book 632,Author E,Fiction,978-4322473409,1920,5
633,Book 633,Author R,Fiction,978-5344731656,1970,1
634,Book 634,Author G,Biography,978-1869168156,2019,4
635,Book 635,Author T,History,978-6957220085,2001,4
636,Book 636,Author S,Fantasy,978-9841106186,1969,2
637,Book 637,Author Q,Mystery,978-7506542242,2014,2
638,Book 638,Author M,Non-Fiction,978-6082979420,1911,3
639,Book 639,Author O,Fantasy,978-8334632070,1934,4
640,Book 640,Author F,Non-Fiction,978-9302341293,1972,3
641,Book 641,Author C,Non-Fiction,978-8526242767,1902,5
642,Book 642,Author X,Non-Fiction,978-5464990053,2004,3
643,Book 643,Author U,History,978-9167737241,1980,5
644,Book 644,Author O,History,978-4363089670,1983,5
645,Book 645,Author J,Romance,978-7619185432,1990,4
646,Book 646,Author U,Sci-Fi,978-1381637071,1914,3
647,Book 647,Author J,Mystery,978-6328670111,1962,3
648,Book 648,Author S,Fantasy,978-3113717377,2000,3
649,Book 649,Author T,Fiction,978-6175729992,1947,2
650,Book 650,Author M,Biography,978-5961534052,1940,1
651,Book 651,Author T,Romance,978-6147334500,1994,2
652,Book 652,Author G,History,978-4220315993,1986,5
653,Book 653,Author R,Mystery,978-4169996090,1945,1
654,Book 654,Author N,Non-Fiction,978-8929192421,1921,4
655,Book 655,Author Q,Mystery,978-4618088122,1927,4
656,Book 656,Author Y,Romance,978-4927289301,1923,4
657,Book 657,Author H,Non-Fiction,978-3885428374,1990,2
658,Book 658,Author S,Fantasy,978-2753489323,1966,5
659,Book 659,Author W,Fantasy,978-7819120806,1973,3
660,Book 660,Author A,Romance,978-2308343228,1934,4
661,Book 661,Author J,Sci-Fi,978-4789394883,1938,4
662,Book 662,Author O,Romance,978-3488064771,1912,4
663,Book 663,Author O,Non-Fiction,978-4965962176,1998,2
664,Book 664,Author C,Mystery,978-6056071644,1924,5
665,Book 665,Author L,Biography,978-2448787548,1928,4
666,Book 666,Author W,Mystery,978-6953838007,1906,4
667,Book 667,Author R,History,978-3449382876,1974,2
668,Book 668,Author P,Sci-Fi,978-9470666517,2003,1
669,Book 669,Author H,History,978-9007702980,2021,4
670,Book 670,Author N,Sci-Fi,978-9462921931,1957,4
671,Book 671,Author T,Fiction,978-9275781798,2013,5
672,Book 672,Author O,Non-Fiction,978-4148721087,1952,2
673,Book 673,Author P,Romance,978-4245307598,2014,3
674,Book 674,Author O,Non-Fiction,978-1935683976,1904,3
675,Book 675,Author L,History,978-9837238077,1951,4
676,Book 676,Author E,Fantasy,978-4511746705,1957,4
677,Book 677,Author M,History,978-5660994461,1990,1
678,Book 678,Author V,Fantasy,978-6147627611,1940,5
679,Book 679,Author W,History,978-8243558651,1978,1
680,Book 680,Author E,Fantasy,978-8298272532,1944,2
681,Book 681,Author W,Fiction,978-3421570755,2018,2
682,Book 682,Author Z,Mystery,978-2719819924,1922,4
683,Book 683,Author V,Fantasy,978-4241548924,1977,3
684,Book 684,Author Y,Non-Fiction,978-5419890234,1993,2
685,Book 685,Author F,Sci-Fi,978-5274339335,1993,3
686,Book 686,Author A,Non-Fiction,978-9025314896,1968,1
687,Book 687,Author S,Biography,978-7722285540,1998,1
688,Book 688,Author C,Biography,978-5615310205,1959,1
689,Book 689,Author N,Biography,978-4853588212,1920,2
690,Book 690,Author T,Romance,978-6865609639,1982,2
691,Book 691,Author W,Sci-Fi,978-9721948930,1970,1
692,Book 692,Author A,Non-Fiction,978-2186376606,1905,3
693,Book 693,Author Z,Non-Fiction,978-3205748581,1917,4
694,Book 694,Author O,Mystery,978-5500044907,1906,5
695,Book 695,Author Y,Mystery,978-4000050162,1932,2
696,Book 696,Author M,Non-Fiction,978-5378972209,1989,2
697,Book 697,Author E,Sci-Fi,978-7611855430,1986,3
698,Book 698,Author N,Sci-Fi,978-6325605478,1939,4
699,Book 699,Author M,Biography,978-2762849025,2024,1
700,Book 700,Author W,Fantasy,978-7979437409,1935,3
701,Book 701,Author L,Fiction,978-8138684150,1975,4
702,Book 702,Author C,Romance,978-3759603028,1952,1
703,Book 703,Author A,Sci-Fi,978-1302798757,1945,1
704,Book 704,Author W,Biography,978-6566446341,1906,2
705,Book 705,Author O,Romance,978-8319269428,1907,3
706,Book 706,Author R,Sci-Fi,978-2527570713,2021,1
707,Book 707,Author S,Mystery,978-8288861929,1955,3
708,Book 708,Author T,Fantasy,978-3646153990,1944,3
709,Book 709,Author L,History,978-2595026177,1962,1
710,Book 710,Author U,Mystery,978-5698842293,1994,3
711,Book 711,Author Y,Romance,978-8261940699,2005,2
712,Book 712,Author Z,Fantasy,978-6788675751,1937,2
713,Book 713,Author K,Biography,978-3215099563,2009,3
714,Book 714,Author J,Sci-Fi,978-3763212336,1915,4
715,Book 715,Author Q,Romance,978-3472407296,2024,1
716,Book 716,Author O,History,978-1946831301,1994,3
717,Book 717,Author F,Fantasy,978-6636594266,1926,4
718,Book 718,Author I,Mystery,978-6725369618,1950,1
719,Book 719,Author P,Biography,978-4648898012,1947,5
720,Book 720,Author R,History,978-7249958584,2008,4
721,Book 721,Author V,Sci-Fi,978-9984048033,1955,2
722,Book 722,Author J,Fiction,978-5263434064,2017,4
723,Book 723,Author P,Non-Fiction,978-9450630783,2006,2
724,Book 724,Author I,Mystery,978-6712915722,1951,1
725,Book 725,Author Z,Sci-Fi,978-9534274575,1953,4
726,Book 726,Author G,Fantasy,978-9747695125,1901,5
727,Book 727,Author Y,Mystery,978-1929701271,2005,1
728,Book 728,Author G,Mystery,978-1931113676,1941,1
729,Book 729,Author K,History,978-8755954132,2003,3
730,Book 730,Author N,Non-Fiction,978-8674285759,1925,3
731,Book 731,Author Z,Fantasy,978-7855888152,1913,1
732,Book 732,Author A,Fiction,978-4941302378,1967,4
733,Book 733,Author N,Biography,978-8618461504,1964,4
734,Book 734,Author D,History,978-3346310309,1950,1
735,Book 735,Author G,Biography,978-2705371274,1910,2
736,Book 736,Author U,History,978-6332970741,1900,1
737,Book 737,Author E,Biography,978-5567216395,1914,1
738,Book 738,Author C,Non-Fiction,978-8429721972,1922,4
739,Book 739,Author W,Fiction,978-5226776007,1960,3
740,Book 740,Author O,Mystery,978-2886382800,2010,2
741,Book 741,Author V,Fantasy,978-9554547665,1928,2
742,Book 742,Author H,History,978-5990538139,1905,4
743,Book 743,Author R,Fiction,978-8462152302,1947,5
744,Book 744,Author M,Fiction,978-9206312690,2005,3
745,Book 745,Author H,Romance,978-2308374414,2003,4
746,Book 746,Author Z,Sci-Fi,978-7917923709,1999,5
747,Book 747,Author E,History,978-7253640167,1911,2
748,Book 748,Author F,Biography,978-9949768172,1937,3
749,Book 749,Author C,Biography,978-8390271173,2004,4
750,Book 750,Author U,History,978-4519136682,1988,2
751,Book 751,Author D,Fantasy,978-2581480175,1921,3
752,Book 752,Author M,Mystery,978-4490966088,1929,5
753,Book 753,Author N,Fiction,978-2331613119,1964,3
754,Book 754,Author K,Biography,978-2692568829,1995,3
755,Book 755,Author L,Fiction,978-9612632785,1938,3
756,Book 756,Author D,Sci-Fi,978-5244129532,2017,2
757,Book 757,Author B,Fiction,978-8334487041,1971,1
758,Book 758,Author N,Mystery,978-1609984301,1944,1
759,Book 759,Author V,Non-Fiction,978-1394227154,1925,3
760,Book 760,Author J,Mystery,978-8639646470,1933,5
761,Book 761,Author E,Biography,978-7090859880,1993,3
762,Book 762,Author T,Fantasy,978-4420960304,1925,2
763,Book 763,Author Q,Biography,978-6733550476,1999,3
764,Book 764,Author B,History,978-7426989301,1954,1
765,Book 765,Author X,History,978-5778753607,2017,4
766,Book 766,Author P,Non-Fiction,978-8940982037,1923,1
767,Book 767,Author V,Non-Fiction,978-2788357214,1985,4
768,Book 768,Author Z,Biography,978-8423618125,1949,4
769,Book 769,Author P,Fiction,978-2168504917,1961,3
770,Book 770,Author V,Sci-Fi,978-7256163606,1979,2
771,Book 771,Author O,Non-Fiction,978-3258451282,2009,5
772,Book 772,Author B,Sci-Fi,978-7515959162,2015,4
773,Book 773,Author B,Mystery,978-7422388140,1937,4
774,Book 774,Author Z,Romance,978-5564910760,1922,5
775,Book 775,Author W,Fantasy,978-1836763626,1922,1
776,Book 776,Author A,Fiction,978-2057150823,1908,2
777,Book 777,Author W,Sci-Fi,978-5708614196,1918,1
778,Book 778,Author M,Fantasy,978-9454386688,1912,4
779,Book 779,Author X,Romance,978-7515960175,2020,1
780,Book 780,Author W,Biography,978-2727732934,1932,3
781,Book 781,Author Z,Romance,978-3704955689,1901,2
782,Book 782,Author P,Mystery,978-4596056114,2003,2
783,Book 783,Author M,Romance,978-8585708180,1997,3
784,Book 784,Author A,Romance,978-1102101828,1933,2
785,Book 785,Author E,Romance,978-9757350998,1977,5
786,Book 786,Author K,Mystery,978-3210222866,1909,3
787,Book 787,Author B,Fiction,978-7027084885,1982,5
788,Book 788,Author S,History,978-1827236474,1929,3
789,Book 789,Author N,Fiction,978-8861149422,2017,5
790,Book 790,Author H,Sci-Fi,978-5473129792,1993,3
791,Book 791,Author I,Mystery,978-5438967459,1936,4
792,Book 792,Author N,Non-Fiction,978-4954555992,1914,1
793,Book 793,Author M,Non-Fiction,978-3196778011,1903,3
794,Book 794,Author N,Mystery,978-8757488223,1933,4
795,Book 795,Author F,History,978-7656779565,1988,5
796,Book 796,Author G,Romance,978-8710591680,2005,5
797,Book 797,Author I,Non-Fiction,978-8426504311,2011,1
798,Book 798,Author S,Mystery,978-2348495588,1983,4
799,Book 799,Author J,Mystery,978-7693675401,1919,4
800,Book 800,Author P,Sci-Fi,978-1787142213,2010,2
801,Book 801,Author J,Sci-Fi,978-9837981244,2008,4
802,Book 802,Author N,Sci-Fi,978-9961589853,2021,4
803,Book 803,Author U,History,978-2561484709,1935,2
804,Book 804,Author R,Non-Fiction,978-4271564709,1908,5
805,Book 805,Author K,Non-Fiction,978-4567513496,2009,1
806,Book 806,Author L,Non-Fiction,978-5244599065,2003,1
807,Book 807,Author J,Mystery,978-4500903282,2003,3
808,Book 808,Author K,Romance,978-5834176731,1934,2
809,Book 809,Author L,Romance,978-9510682464,1958,2
810,Book 810,Author R,Fiction,978-6232062011,1968,1
811,Book 811,Author L,Fantasy,978-6248270171,2016,5
812,Book 812,Author K,Fantasy,978-9976946838,1990,5
813,Book 813,Author N,Sci-Fi,978-9210113326,1965,4
814,Book 814,Author M,Sci-Fi,978-1543966718,2015,2
815,Book 815,Author P,Romance,978-8763843474,1915,3
816,Book 816,Author S,Fiction,978-3892609932,2008,4
817,Book 817,Author C,Non-Fiction,978-7469436759,1972,1
818,Book 818,Author E,Mystery,978-3679588724,1946,5
819,Book 819,Author Y,Non-Fiction,978-1420258132,1996,2
820,Book 820,Author L,Romance,978-9097012120,1914,2
821,Book 821,Author Q,Non-Fiction,978-8615901533,1936,1
822,Book 822,Author S,Romance,978-9498800626,1941,3
823,Book 823,Author Y,Fiction,978-3882461670,1901,3
824,Book 824,Author J,Fantasy,978-9367913128,1999,1
825,Book 825,Author E,Romance,978-3830547332,1972,1
826,Book 826,Author B,Biography,978-9468372774,2023,4
827,Book 827,Author A,Biography,978-9541523589,1964,1
828,Book 828,Author P,Mystery,978-7169252740,1971,1
829,Book 829,Author M,Fantasy,978-5082537891,1963,5
830,Book 830,Author W,Fantasy,978-8937306696,2012,3
831,Book 831,Author B,Fiction,978-9702418746,2017,1
832,Book 832,Author X,History,978-8146598773,1904,2
833,Book 833,Author U,Sci-Fi,978-2057208101,1961,4
834,Book 834,Author O,Sci-Fi,978-1413507085,1916,5
835,Book 835,Author Y,Romance,978-2013333061,1900,2
836,Book 836,Author Z,Mystery,978-3900542842,1948,5
837,Book 837,Author S,Fiction,978-3949024187,2017,2
838,Book 838,Author T,Mystery,978-8830360318,2014,2
839,Book 839,Author M,Fiction,978-9152934191,1957,1
840,Book 840,Author N,History,978-6289871892,1983,3
841,Book 841,Author M,Sci-Fi,978-1625774206,1952,5
842,Book 842,Author X,History,978-4710894093,1982,5
843,Book 843,Author Y,Mystery,978-8015809747,1963,1
844,Book 844,Author G,Sci-Fi,978-8838849895,1949,1
845,Book 845,Author V,Romance,978-9082079735,1915,1
846,Book 846,Author V,Fantasy,978-6400971192,2015,2
847,Book 847,Author M,Non-Fiction,978-6620650678,1962,1
848,Book 848,Author C,Romance,978-3723181863,1922,2
849,Book 849,Author C,Non-Fiction,978-6609796103,1986,4
850,Book 850,Author Q,Fiction,978-9939026903,1954,2
851,Book 851,Author S,Fiction,978-5819718339,1909,2
852,Book 852,Author C,Mystery,978-6981579137,1953,1
853,Book 853,Author Q,Non-Fiction,978-7048988180,1917,4
854,Book 854,Author R,Non-Fiction,978-3783986216,1909,5
855,Book 855,Author M,Fiction,978-4649824546,2004,1
856,Book 856,Author V,Fiction,978-4758628927,2010,2
857,Book 857,Author X,Biography,978-7233109044,1985,3
858,Book 858,Author M,Romance,978-1252028374,1995,1
859,Book 859,Author U,Fiction,978-8781019048,1924,4
860,Book 860,Author X,Biography,978-7852148647,2014,5
861,Book 861,Author X,Romance,978-5488560257,1957,5
862,Book 862,Author V,Romance,978-5700516927,1921,1
863,Book 863,Author X,Romance,978-7480508173,2002,2
864,Book 864,Author H,History,978-7977544480,1941,4
865,Book 865,Author V,Sci-Fi,978-1021927118,1965,3
866,Book 866,Author L,Romance,978-1734705978,2003,4
867,Book 867,Author F,Non-Fiction,978-8880025804,1934,3
868,Book 868,Author B,History,978-4448448706,1907,2
869,Book 869,Author L,Fiction,978-6359797954,2017,1
870,Book 870,Author I,History,978-9929259538,1959,2
871,Book 871,Author O,Fantasy,978-9772869297,1982,4
872,Book 872,Author S,Fantasy,978-6914527759,1923,2
873,Book 873,Author V,History,978-5436105233,1945,1
874,Book 874,Author I,Non-Fiction,978-9942551345,2022,3
875,Book 875,Author T,Sci-Fi,978-8778476485,1954,5
876,Book 876,Author D,Mystery,978-7751888181,1904,1
877,Book 877,Author I,Fantasy,978-3302943576,2005,5
878,Book 878,Author G,Non-Fiction,978-4608578694,1961,1
879,Book 879,Author M,Fiction,978-2015265938,2003,1
880,Book 880,Author C,Non-Fiction,978-8190595254,1992,3
881,Book 881,Author D,Non-Fiction,978-9797767199,1964,2
882,Book 882,Author E,Mystery,978-1497052883,1934,4
883,Book 883,Author B,Sci-Fi,978-9870358265,1963,2
884,Book 884,Author J,Biography,978-6114294695,1997,3
885,Book 885,Author H,Non-Fiction,978-3686689791,1928,2
886,Book 886,Author T,Non-Fiction,978-4411911511,1926,3
887,Book 887,Author V,Romance,978-5288396181,1951,5
888,Book 888,Author P,History,978-8404864445,1956,3
889,Book 889,Author R,Fiction,978-1897383894,1976,2
890,Book 890,Author N,Sci-Fi,978-9609447856,1985,3
891,Book 891,Author I,History,978-8366283434,1959,3
892,Book 892,Author F,Sci-Fi,978-6641031520,1962,2
893,Book 893,Author L,Romance,978-8452296176,1936,1
894,Book 894,Author A,Sci-Fi,978-2166108914,1927,4
895,Book 895,Author H,Mystery,978-4349941894,2009,3
896,Book 896,Author N,Mystery,978-7392945827,1964,1
897,Book 897,Author B,Biography,978-7042083709,1962,3
898,Book 898,Author Y,History,978-1127318598,2019,1
899,Book 899,Author N,Fantasy,978-7625610480,2011,4
900,Book 900,Author D,Sci-Fi,978-6813383788,2020,4
901,Book 901,Author D,Romance,978-7962496193,1904,1
902,Book 902,Author F,Mystery,978-4326268344,1950,2
903,Book 903,Author D,Romance,978-7820861974,1918,2
904,Book 904,Author P,Romance,978-7686897918,1997,5
905,Book 905,Author R,Fiction,978-2561293121,1997,1
906,Book 906,Author V,Fantasy,978-2860409679,1949,2
907,Book 907,Author Z,History,978-6714040640,2000,1
908,Book 908,Author Y,Fantasy,978-9083301964,1902,1
909,Book 909,Author R,Romance,978-8969791217,1964,2
910,Book 910,Author L,Mystery,978-9057035202,1946,3
911,Book 911,Author P,Mystery,978-8442533235,1928,3
912,Book 912,Author V,Fantasy,978-1725978481,1925,2
913,Book 913,Author Z,Non-Fiction,978-3609186410,1962,1
914,Book 914,Author T,Romance,978-7068612346,1913,2
915,Book 915,Author S,Romance,978-6314348976,1992,3
916,Book 916,Author U,Sci-Fi,978-3974719221,2014,1
917,Book 917,Author E,Sci-Fi,978-3468733948,1918,3
918,Book 918,Author Y,Biography,978-9172717799,1974,3
919,Book 919,Author E,History,978-7959772689,1986,1
920,Book 920,Author P,History,978-3380524428,2020,4
921,Book 921,Author I,Non-Fiction,978-9908594551,2011,1
922,Book 922,Author X,History,978-9269594891,1919,2
923,Book 923,Author H,Fiction,978-4937154988,1931,4
924,Book 924,Author S,Sci-Fi,978-1982417789,1917,5
925,Book 925,Author T,Fiction,978-4086287536,1969,2
926,Book 926,Author K,Fiction,978-7209952366,1918,2
927,Book 927,Author X,Biography,978-2580648285,2005,2
928,Book 928,Author H,Romance,978-1248623789,2015,4
929,Book 929,Author O,Fantasy,978-4215160236,1998,5
930,Book 930,Author Q,Fantasy,978-8959904093,1909,2
931,Book 931,Author Q,Fantasy,978-6101679100,2002,5
932,Book 932,Author A,History,978-4973720006,1900,3
933,Book 933,Author E,History,978-7299531052,2020,5
934,Book 934,Author U,Romance,978-5037549449,1912,1
935,Book 935,Author S,Romance,978-6964694506,2001,2
936,Book 936,Author G,Sci-Fi,978-3476573730,1908,1
937,Book 937,Author W,Sci-Fi,978-6269535501,2013,5
938,Book 938,Author J,History,978-1391214111,1917,2
939,Book 939,Author I,History,978-5080254460,1958,2
940,Book 940,Author O,Mystery,978-2583638061,1988,3
941,Book 941,Author Z,Fiction,978-5884358921,1947,2
942,Book 942,Author P,Fantasy,978-2897510504,2005,5
943,Book 943,Author E,History,978-9184073265,1905,4
944,Book 944,Author P,Non-Fiction,978-6684154217,2008,4
945,Book 945,Author A,Biography,978-2208767909,2022,4
946,Book 946,Author R,Biography,978-2570386976,1972,3
947,Book 947,Author N,Non-Fiction,978-1050071529,1955,2
948,Book 948,Author U,Sci-Fi,978-6794402640,2002,2
949,Book 949,Author O,Fantasy,978-6564370233,1974,4
950,Book 950,Author W,History,978-9644641686,1949,2
951,Book 951,Author V,Fiction,978-4555485181,1978,1
952,Book 952,Author K,Fantasy,978-4163119382,1953,1
953,Book 953,Author G,Non-Fiction,978-5165148989,1970,3
954,Book 954,Author I,Romance,978-9664069018,1912,5
955,Book 955,Author W,Mystery,978-2052496605,2009,4
956,Book 956,Author D,Non-Fiction,978-1825398443,1956,2
957,Book 957,Author D,Mystery,978-8782724194,2011,4
958,Book 958,Author W,Mystery,978-5405919907,1910,1
959,Book 959,Author K,Sci-Fi,978-6087590759,1929,5
960,Book 960,Author H,Fantasy,978-6846456205,1998,3
961,Book 961,Author F,Fantasy,978-8620327613,1938,1
962,Book 962,Author Z,Mystery,978-9638824835,1945,3
963,Book 963,Author U,Biography,978-5618262831,1936,5
964,Book 964,Author M,Non-Fiction,978-8414715333,1913,5
965,Book 965,Author C,Mystery,978-5972848180,2015,4
966,Book 966,Author L,Romance,978-4529702520,1963,1
967,Book 967,Author V,Sci-Fi,978-8188021976,1938,2
968,Book 968,Author I,Biography,978-4957080372,1931,2
969,Book 969,Author F,History,978-6617149751,1901,4
970,Book 970,Author J,Biography,978-8161577037,1973,5
971,Book 971,Author T,Fiction,978-6134669620,2012,5
972,Book 972,Author T,History,978-7148914088,1936,5
973,Book 973,Author T,Non-Fiction,978-1401182168,1969,5
974,Book 974,Author K,Fantasy,978-6454715854,1915,2
975,Book 975,Author W,Sci-Fi,978-4833552073,1964,5
976,Book 976,Author K,Fiction,978-4287843011,1995,1
977,Book 977,Author U,Mystery,978-1699933696,1967,4
978,Book 978,Author N,Biography,978-7680530464,1966,5
979,Book 979,Author J,Mystery,978-6284298507,1948,3
980,Book 980,Author D,Fiction,978-5939878335,1927,1
981,Book 981,Author K,Biography,978-3932833960,1957,4
982,Book 982,Author H,Fiction,978-2013913884,1972,5
983,Book 983,Author P,Fantasy,978-2523226284,1954,3
984,Book 984,Author S,Non-Fiction,978-1735234197,1945,4
985,Book 985,Author E,Fiction,978-5325466299,1960,3
986,Book 986,Author W,Romance,978-7583903163,1951,5
987,Book 987,Author N,Romance,978-1325071872,1926,4
988,Book 988,Author B,Fiction,978-2746275133,2018,4
989,Book 989,Author N,Mystery,978-2205600350,1997,1
990,Book 990,Author L,Mystery,978-2504642903,1989,5
991,Book 991,Author I,Romance,978-4953672520,1910,2
992,Book 992,Author W,Non-Fiction,978-7379010883,1984,3
993,Book 993,Author V,Fantasy,978-5273423964,1941,1
994,Book 994,Author F,Mystery,978-8086480197,1985,5
995,Book 995,Author I,Fantasy,978-8015890202,1953,3
996,Book 996,Author N,Fantasy,978-1019844734,1993,2
997,Book 997,Author Q,Sci-Fi,978-3530074818,1903,1
998,Book 998,Author L,History,978-7667743182,1953,1
999,Book 999,Author H,Fiction,978-2647494871,2000,2
1000,Book 1000,Author N,Fiction,978-6188257326,1915,2
